st_smiles,bin
O=C(NN=C1CCCCC1)c1ccncc1,1
CC(C)(C)OC(=O)N1CCN(c2ccc(CNC(=O)c3ccc([N+](=O)[O-])o3)cn2)CC1,1
O=C(c1ccc([N+](=O)[O-])o1)N1CCC(Oc2ccc(OC(F)(F)F)cc2)CC1,1
C[C@H]1COC2(CCN(c3nc(=O)c4cc(C(F)(F)F)cc([N+](=O)[O-])c4s3)CC2)O1,1
C[C@@H]1COC2(CCN(c3nc(=O)c4cc(C(F)(F)F)cc([N+](=O)[O-])c4s3)CC2)O1,1
Nc1ccc(C(=O)O)c(O)c1,1
COc1ccc(/C=N/N(C(=O)c2cccnc2)C(=O)c2cc([N+](=O)[O-])cc([N+](=O)[O-])c2)cc1,1
CN(C)CC[C@@](O)(c1cccc2ccccc12)[C@H](c1ccccc1)c1cnc2ccc(Br)cc2c1,1
COc1nc2ccc(Br)cc2cc1[C@@H](c1ccccc1)[C@@](O)(CCN(C)C)c1cccc2ccccc12,1
COc1ccc(/C=N/N(C(=O)c2cccnc2)C(=O)c2cc([N+](=O)[O-])ccc2Cl)cc1OC,1
C[C@]1(COc2ccc(N3CCC(Oc4ccc(OC(F)(F)F)cc4)CC3)cc2)Cn2cc([N+](=O)[O-])nc2O1,1
C[C@]1(COc2ccc(N3CCC(Oc4ccc(OC(F)(F)F)cc4)CC3)cc2)Cn2cc([N+](=O)[O-])nc2O1,1
C[C@]1(COc2ccc(N3CCC(Oc4ccc(C(F)(F)F)cc4)CC3)cc2)Cn2cc([N+](=O)[O-])nc2O1,1
COc1ccc(/C=N/N(C(=O)c2cccnc2)C(=O)c2ccccc2Br)cc1OC,1
O=C(NCc1ccc(N2CCN(Cc3ccccc3)CC2)nc1)c1ccc([N+](=O)[O-])o1,1
O=[N+]([O-])c1cn2c(n1)OC[C@@H](OCc1ccc(-c3ccc(Cl)cc3)cc1)C2,1
O=[N+]([O-])c1cn2c(n1)OC[C@@H](OCc1ccc(-c3ccc(F)cc3)cc1)C2,1
CCOC(=O)N1CCN(c2ccc(CNC(=O)c3ccc([N+](=O)[O-])o3)cc2)CC1,1
O=[N+]([O-])c1cn2c(n1)OC[C@@H](OCc1ccc(-c3ccc(OC(F)(F)F)c(Cl)c3)nc1)C2,1
C[C@]1(COc2ccc(Cl)cc2)Cn2cc([N+](=O)[O-])nc2O1,1
COC1CCC(/N=c2\cc3n(-c4ccc(C(F)(F)F)cc4)c4ccccc4nc-3cc2Nc2cccnc2C)CC1,1
O=[N+]([O-])c1cn2c(n1)OC[C@@H](OCc1ccc(-c3ccc(OC(F)F)cc3)cn1)C2,1
O=[N+]([O-])c1cn2c(n1)OC[C@@H](OCc1ccc(-c3ccc(OC(F)F)cc3)nc1)C2,1
O=[N+]([O-])c1cn2c(n1)OC[C@@H](OCCOc1ccc(-c3ccc(F)cc3)cn1)C2,1
O=[N+]([O-])c1cn2c(n1)OC[C@@H](OCCOc1ccc(-c3ccc(C(F)(F)F)cc3)cn1)C2,1
O=[N+]([O-])c1cn2c(n1)OC[C@@H](OC/C=C/c1ccc(-c3ccc(C(F)(F)F)nc3)cc1)C2,1
O=[N+]([O-])c1cn2c(n1)OC[C@@H](OCC#Cc1ccc(-c3ccc(C(F)(F)F)cc3)cn1)C2,1
Cc1ncccc1Nc1cc2nc3ccccc3n(-c3ccc(C(F)(F)F)cc3)c-2c/c1=N\C1CCOCC1,1
COc1c(N2CCN(Cn3c(O)c(N=NC(N)=O)c4ccccc43)C(C)C2)c(F)cc2c(=O)c(C(=O)O)cn(C3CC3)c12,1
O=[N+]([O-])c1cn2c(n1)OC[C@@H](OCc1cnc(-c3ccc(OC(F)(F)F)cc3)cn1)C2,1
O=[N+]([O-])c1cn2c(n1)OC[C@@H](OCc1ccc(-c3ccc(OC(F)(F)F)c(F)c3)nc1)C2,1
O=[N+]([O-])c1cn2c(n1)OC[C@@H](OCc1cnc(-c3ccc(C(F)(F)F)cc3)nc1)C2,1
O=[N+]([O-])c1cn2c(n1)OC[C@@H](OCc1ccc(-c3ncc(C(F)(F)F)cc3Cl)cc1)C2,1
O=[N+]([O-])c1cn2c(n1)OC[C@@H](OCc1ccc(OCc3ccccc3)cc1)C2,1
O=[N+]([O-])c1cn2c(n1)OC[C@@H](OCCOc1ccc(-c3ccc(C(F)(F)F)nc3)cc1)C2,1
O=[N+]([O-])c1cn2c(n1)OC[C@@H](OCC#Cc1ccc(-c3ccc(OC(F)(F)F)cc3)cn1)C2,1
O=[N+]([O-])c1cn2c(n1)OC[C@@H](OCC#Cc1ccc(-c3ccc(OC(F)F)cc3)cn1)C2,1
N#Cc1ccc(-c2ccc(CO[C@@H]3COc4nc([N+](=O)[O-])cn4C3)cc2)cc1,1
COC1CCC(/N=c2\cc3n(-c4ccc(Br)cc4)c4ccccc4nc-3cc2Nc2cccnc2C)CC1,1
O=[N+]([O-])c1cn2c(n1)OC[C@@H](OCc1cnc(-c3ccc(OC(F)(F)F)cc3)nc1)C2,1
O=C(Nc1cccc(-c2ccc(F)cc2)c1)O[C@@H]1COc2nc([N+](=O)[O-])cn2C1,1
COc1ncccc1Nc1cc2nc3ccccc3n(-c3ccc(OC(F)(F)F)cc3)c-2c/c1=N\C1CCC(OC)CC1,1
COc1ncccc1Nc1cc2nc3ccccc3n(-c3ccc(C(F)(F)F)cc3)c-2c/c1=N\C1CCC(OC)CC1,1
COc1ncccc1Nc1cc2nc3ccccc3n(-c3ccc(OC(F)(F)F)cc3)c-2c/c1=N\C1CCOCC1,1
COC1CCC(/N=c2\cc3n(-c4ccc(C(F)(F)F)cc4)c4ccccc4nc-3cc2Nc2ccc(C)nc2)CC1,1
O=c1nc(N2CCC(c3ccccc3)CC2)sc2c([N+](=O)[O-])cc(C(F)(F)F)cc12,1
Cc1ncccc1Nc1cc2nc3ccccc3n(-c3ccc(C(F)(F)F)cc3)c-2c/c1=N\C(C)C,1
COc1ncccc1Nc1cc2nc3ccccc3n(-c3ccc(C(F)(F)F)cc3)c-2c/c1=N\C1CCOCC1,1
O=C(NCC12CC3CC(CC(C3)C1)C2)Nc1ccc(F)c(F)c1F,1
COc1ncccc1Nc1cc2nc3ccccc3n(-c3ccc(Cl)cc3)c-2c/c1=N\C1CCC(OC)CC1,1
O=[N+]([O-])c1cn2c(n1)OC[C@@H](OCc1ccc(-c3ccc(OC(F)(F)F)cc3Cl)nc1)C2,1
O=[N+]([O-])c1cn2c(n1)OC[C@@H](OCc1ccc(-c3ccc(C(F)(F)F)nc3)cc1)C2,1
O=C(Nc1cccc(-c2ccc(F)cc2)c1)N[C@@H]1COc2nc([N+](=O)[O-])cn2C1,1
O=[N+]([O-])c1cn2c(n1)OC[C@@H](OCc1cnn(-c3ccc(OC(F)(F)F)cc3)n1)C2,1
O=[N+]([O-])c1cn2c(n1)OC[C@@H](OCc1ccc(-c3ccc(C(F)(F)F)cc3)cc1)C2,1
CCOc1ccccc1-c1ccc(CO[C@@H]2COc3nc([N+](=O)[O-])cn3C2)cc1,1
O=[N+]([O-])c1cn2c(n1)OC[C@@H](OCc1ccc(-c3ccc(OC(F)(F)F)c(Cl)c3)cc1)C2,1
O=[N+]([O-])c1cn2c(n1)OC[C@@H](OCc1ccc(-c3ccc(Cl)c(OC(F)F)c3)cc1)C2,1
O=[N+]([O-])c1cn2c(n1)OC[C@@H](OCc1ccc(-c3ccc(C(F)(F)F)cc3Cl)cc1)C2,1
O=[N+]([O-])c1cn2c(n1)OC[C@@H](OCc1ccc(-c3ccc(F)c(F)c3)cc1)C2,1
O=[N+]([O-])c1cn2c(n1)OC[C@@H](OCc1ccc(-c3ccc(OC(F)(F)F)c(F)c3)cc1)C2,1
COC1CCC(/N=c2\cc3n(-c4ccc(Cl)cc4)c4ccccc4nc-3cc2Nc2ccc(C)nc2)CC1,1
COc1ncccc1Nc1cc2nc3ccccc3n(-c3ccc(F)cc3)c-2c/c1=N\C1CCC(OC)CC1,1
CCCOCC1COC2(CCN(c3nc(=O)c4cc(C(F)(F)F)cc([N+](=O)[O-])c4s3)CC2)O1,1
O=C(Nc1ccc(F)c(F)c1F)NC1C2CC3CC(C2)CC1C3,1
COc1ccc(/C=N/N(C(=O)c2cccnc2)C(=O)c2cccc([N+](=O)[O-])c2)cc1,1
COc1ncccc1Nc1cc2nc3ccccc3n(-c3ccc(Cl)cc3)c-2c/c1=N\C1CCOCC1,1
O=C(O[C@@H]1COc2nc([N+](=O)[O-])cn2C1)N1CCN(c2ccc(OC(F)(F)F)cc2)CC1,1
O=C(NCCc1ccccc1)NC1C2CC3CC(C2)CC1C3,1
Cc1ccc(NC(=O)NC2CCCCCCC2)cc1Cl,1
CCOC(=O)C1=C(C)N(c2ccccc2Cl)C(C)=C(C(=O)OCC)C1c1cn(-c2ccccc2)nc1-c1ccccc1,1
O=[N+]([O-])c1cn2c(n1)OC[C@@H](OCc1ccnc(-c3ccc(OC(F)(F)F)cc3)c1)C2,1
O=[N+]([O-])c1cn2c(n1)OC[C@@H](OCc1ccc(-c3ccc(F)cn3)cc1)C2,1
O=[N+]([O-])c1cn2c(n1)OC[C@@H](OCC#Cc1ccc(-c3ccc(F)cc3)cc1)C2,1
O=[N+]([O-])c1cn2c(n1)OC[C@@H](OCCCC#Cc1ccc(-c3ccc(OC(F)F)cc3)cc1)C2,1
O=C(Nc1cccc(-c2ccc(C(F)(F)F)cc2)c1)N[C@@H]1COc2nc([N+](=O)[O-])cn2C1,1
O=[N+]([O-])c1cn2c(n1)OC[C@@H](OCc1nnn(-c3ccc(OC(F)(F)F)cc3)n1)C2,1
O=[N+]([O-])c1cn2c(n1)OC[C@@H](OCc1ccc(-c3ccc(Cl)c(C(F)(F)F)c3)cc1)C2,1
O=[N+]([O-])c1cn2c(n1)OC[C@@H](OCc1ccc(-c3ccccc3OC(F)(F)F)cc1)C2,1
O=[N+]([O-])c1cn2c(n1)OC[C@@H](OCc1ccc(-c3ccc(OC(F)(F)F)cc3)cc1)C2,1
CCCCCCNC(=O)NC1C2CC3CC(C2)CC1C3,1
COc1ncccc1Nc1cc2nc3ccccc3n(-c3ccc(Br)cc3)c-2c/c1=N\C1CCOCC1,1
COC1CCC(/N=c2\cc3n(-c4ccc(F)cc4)c4ccccc4nc-3cc2Nc2cccnc2C)CC1,1
O=[N+]([O-])c1cn2c(n1)OC[C@@H](NCCCCc1ccc(OC(F)(F)F)cc1)C2,1
COc1c(N2C(C)CN(C(=O)CC[N+](=O)[O-])CC2C)c(F)cc2c(=O)c(C(=O)O)cn(C3CC3)c12,1
O=[N+]([O-])c1cn2c(n1)OC[C@@H](OCc1ccc(-c3ccc(C(F)(F)F)cc3)cn1)C2,1
O=[N+]([O-])c1cn2c(n1)OC[C@@H](OCc1ccc(-c3ccc(OC(F)(F)F)c(Cl)c3)cn1)C2,1
O=[N+]([O-])c1cn2c(n1)OC[C@@H](OCc1ccc(-c3ccc(OCc4ccccc4)nc3)cc1)C2,1
O=[N+]([O-])c1cn2c(n1)OC[C@@H](OCCOc1ccc(OC(F)(F)F)cc1)C2,1
O=[N+]([O-])c1cn2c(n1)OC[C@@H](OCCOc1ccc(-c3ccc(F)cc3)cc1)C2,1
O=[N+]([O-])c1cn2c(n1)OC[C@@H](OCCOc1ccc(-c3ccc(C(F)(F)F)cc3)cc1)C2,1
O=[N+]([O-])c1cn2c(n1)OC[C@@H](OCCOc1ccc(-c3ccc(OC(F)(F)F)cc3)cn1)C2,1
O=[N+]([O-])c1cn2c(n1)OC[C@@H](OCC#Cc1cccc(-c3ccc(F)cc3)c1)C2,1
O=C(Nc1cccc(-c2ccc(C(F)(F)F)cc2)c1)O[C@@H]1COc2nc([N+](=O)[O-])cn2C1,1
O=[N+]([O-])c1cn2c(n1)OC[C@@H](OCc1ccc(-c3ccc(OC(F)(F)F)cc3Cl)cc1)C2,1
O=[N+]([O-])c1cn2c(n1)OC[C@@H](OCc1ccc(-c3ccc(Oc4ccccc4)cc3)cc1)C2,1
O=[N+]([O-])c1cn2c(n1)OC[C@@H](OCc1ccc(-c3cc(F)c(F)c(F)c3)cc1)C2,1
COc1c(F)cc(F)cc1-c1ccc(CO[C@@H]2COc3nc([N+](=O)[O-])cn3C2)cc1,1
COc1ccc(-c2ccc(CO[C@@H]3COc4nc([N+](=O)[O-])cn4C3)cc2)cc1F,1
O=[N+]([O-])c1cn2c(n1)OC[C@@H](OCc1ccc(-c3ccc(Cl)c(OC(F)(F)F)c3)cc1)C2,1
CC(=O)c1ccc(-c2ccc(CO[C@@H]3COc4nc([N+](=O)[O-])cn4C3)cc2)cc1,1
ClCCSc1nnc(Cc2ccc(Cl)cc2Cl)o1,1
CC(C)/N=c1\cc2n(-c3ccc(Br)cc3)c3ccccc3nc-2cc1Nc1cccnc1,1
Cc1ccc(OC[C@@]2(C)Cn3cc([N+](=O)[O-])nc3O2)cc1,1
O=[N+]([O-])c1cn2c(n1)OC[C@@H](OCc1ccc(OC(F)(F)F)cc1)C2,1
O=[N+]([O-])c1cn2c(n1)OC[C@@H](OC/C=C/c1ccc(C(F)(F)F)cn1)C2,1
O=[N+]([O-])c1cn2c(n1)OC[C@@H](OCCCc1ccc(-c3ccc(C(F)(F)F)cc3)cc1)C2,1
CCOC(=O)C1=C(C)NC(=O)NC1c1cn(-c2ccccc2)nc1-c1ccc([N+](=O)[O-])cc1,1
C[C@]1(COc2ccc(N3CCC(Oc4cccc(OC(F)(F)F)c4)CC3)cc2)Cn2cc([N+](=O)[O-])nc2O1,1
O=[N+]([O-])c1cn2c(n1)OC[C@@H](OCc1ccc(-c3ccc(OC(F)F)nc3)cc1)C2,1
COc1ccc(-c2ccc(CO[C@@H]3COc4nc([N+](=O)[O-])cn4C3)cc2)cn1,1
O=[N+]([O-])c1cn2c(n1)OC[C@@H](OCCCc1ccc(-c3ccc(F)cc3)cc1)C2,1
O=[N+]([O-])c1cn2c(n1)OC[C@@H](OC/C=C/c1ccc(-c3ccc(C(F)(F)F)cc3)cc1)C2,1
O=[N+]([O-])c1cn2c(n1)OC[C@@H](OCc1ccn(-c3ccc(C(F)(F)F)cc3)n1)C2,1
O=[N+]([O-])c1cn2c(n1)OC[C@@H](OCc1ccc(-c3ccc(OC(F)(F)F)cc3F)cc1)C2,1
COc1cc(-c2ccc(CO[C@@H]3COc4nc([N+](=O)[O-])cn4C3)cc2)ccc1F,1
O=[N+]([O-])c1cn2c(n1)OC[C@@H](OCc1ccc(-c3cccc(F)c3)cc1)C2,1
O=[N+]([O-])c1cn2c(n1)OC[C@@H](OCc1ccc(-c3ccc(OC(F)(F)F)c([N+](=O)[O-])c3)cc1)C2,1
O=[N+]([O-])c1cn2c(n1)OC[C@@H](OCc1ccc(-c3ccc4ccccc4c3)cc1)C2,1
O=[N+]([O-])c1cn2c(n1)OC[C@@H](OCc1ccc(-c3ccccc3)cc1)C2,1
COc1c(F)cc(-c2ccc(CO[C@@H]3COc4nc([N+](=O)[O-])cn4C3)cc2)cc1F,1
O=[N+]([O-])c1cn2c(n1)OC[C@@H](OCc1ccc(-c3ccc(OC(F)(F)F)cc3F)nc1)C2,1
CCOC(=O)C1=C(C)NC(=O)NC1c1cn(-c2ccccc2)nc1-c1ccc(F)cc1,1
CC[C@@H](CO)NCCN[C@@H](CC)CO,1
C[C@]1(COc2ccc(N3CCC(Oc4ccc(Cl)cc4)CC3)cc2)Cn2cc([N+](=O)[O-])nc2O1,1
O=[N+]([O-])c1ccc(C2=NOC(c3ccc(N4CCC(Oc5ccc(C(F)(F)F)cc5)CC4)cc3)C2)o1,1
COc1ccc(Cn2ccc3c(-c4cccs4)nc(Cl)nc32)cc1,1
O=[N+]([O-])c1cn2c(n1)OC[C@@H](OCc1ccc(-c3ccc(OC(F)(F)F)c(F)c3)cn1)C2,1
O=[N+]([O-])c1cn2c(n1)OC[C@@H](OCc1ccc(-c3ccc(OC(F)(F)F)cc3)nc1)C2,1
O=[N+]([O-])c1cn2c(n1)OC[C@@H](OC/C=C/c1ccc(OC(F)(F)F)cc1)C2,1
O=[N+]([O-])c1cn2c(n1)OC[C@@H](OCCCC#Cc1ccc(OC(F)(F)F)cc1)C2,1
O=[N+]([O-])c1cn2c(n1)OC[C@@H](OCC#Cc1ccc(-c3ccc(F)cc3)cn1)C2,1
O=[N+]([O-])c1cn2c(n1)OC[C@@H](OCC#Cc1ccc(-c3ccc(F)cc3)nc1)C2,1
O=C(Nc1ccc(-c2ccc(OC(F)(F)F)cc2)cc1)O[C@@H]1COc2nc([N+](=O)[O-])cn2C1,1
O=C(COc1ccc(OC(F)(F)F)cc1)N[C@@H]1COc2nc([N+](=O)[O-])cn2C1,1
O=[N+]([O-])c1cn2c(n1)OC[C@@H](OCc1ccc(-c3ccc(C(F)(F)F)nc3)s1)C2,1
O=[N+]([O-])c1cn2c(n1)OC[C@@H](OCc1ccc(-c3ccc(F)cc3)s1)C2,1
O=[N+]([O-])c1cn2c(n1)OC[C@@H](OCc1cnn(-c3ccc(C(F)(F)F)cc3)n1)C2,1
O=[N+]([O-])c1cn2c(n1)OC[C@@H](OCc1ccn(-c3ccc(OC(F)(F)F)cc3)n1)C2,1
O=[N+]([O-])c1cn2c(n1)OC[C@@H](OCc1ccc(-c3ccc(OC(F)F)cc3)cc1)C2,1
CNCc1cc(Cl)cc(Cl)c1,1
O=[N+]([O-])c1cn2c(n1)OC[C@@H](OCc1ccc(-c3ccc(C(F)(F)F)cc3)nc1)C2,1
COc1ncccc1Nc1cc2nc3ccccc3n(-c3ccc(Br)cc3)c-2c/c1=N\C1CCC(OC)CC1,1
COC1CCC(/N=c2\cc3n(-c4ccc(OC(F)(F)F)cc4)c4ccccc4nc-3cc2Nc2cccnc2)CC1,1
COc1ncccc1Nc1cc2nc3ccccc3n(-c3ccc(OC(F)(F)F)cc3)c-2c/c1=N\C(C)C,1
COc1nc2ccc(Br)cc2cc1[C@@H](c1ccccc1)[C@](O)(CCN(C)C)c1cccc2ccccc12,1
Cc1ncccc1Nc1cc2nc3ccccc3n(-c3ccc(F)cc3)c-2c/c1=N\C1CCOCC1,1
COC(=O)[C@@H]1OC2(CCN(c3nc(=O)c4cc(C(F)(F)F)cc([N+](=O)[O-])c4s3)CC2)O[C@H]1c1ccccc1,1
O=[N+]([O-])c1cn2c(n1)OC[C@@H](OCc1ccnc(-c3ccc(OC(F)F)cc3)c1)C2,1
O=[N+]([O-])c1cn2c(n1)OC[C@@H](OCCCc1ccc(-c3ccc(C(F)(F)F)cn3)cc1)C2,1
O=[N+]([O-])c1cn2c(n1)OC[C@@H](OCCOc1ccc(-c3ccc(OC(F)(F)F)cc3)cc1)C2,1
O=C(Nc1ccc(-c2ccc(C(F)(F)F)cc2)cc1)O[C@@H]1COc2nc([N+](=O)[O-])cn2C1,1
N#Cc1ccc(-c2ccc(CO[C@@H]3COc4nc([N+](=O)[O-])cn4C3)s2)cc1,1
COc1cccc(Cl)c1-c1ccc(CO[C@@H]2COc3nc([N+](=O)[O-])cn3C2)cc1,1
COC1CCC(/N=c2\cc3n(-c4ccc(C(F)(F)F)cc4)c4ccccc4nc-3cc2Nc2cccnc2)CC1,1
O=C(c1ccc([N+](=O)[O-])o1)N1CCc2cc(N3CCN(Cc4ccccc4)CC3)ccc2C1,1
FC(F)(F)Oc1ccc(-n2c3c/c(=N\C4CCOCC4)c(Nc4cccnc4)cc-3nc3ccccc32)cc1,1
COc1ncccc1Nc1cc2nc3ccccc3n(-c3ccc(C(F)(F)F)cc3)c-2c/c1=N\C(C)C,1
COC1CCC(/N=c2\cc3n(-c4ccc(Cl)cc4)c4ccccc4nc-3cc2Nc2cccnc2)CC1,1
CN(C(=O)CN1CCN(c2nc(=O)c3cc(C(F)(F)F)cc([N+](=O)[O-])c3s2)CC1)c1ccccc1,1
COc1ccc(Cn2ccc3c(-c4ccco4)nc(Cl)nc32)cc1,1
O=[N+]([O-])c1cn2c(n1)OC[C@@H](OCc1ccc(-c3ccc(OC(F)(F)F)cc3F)cn1)C2,1
O=[N+]([O-])c1cn2c(n1)OC[C@@H](OCc1ccc(-c3ccc(Cl)c(OC(F)(F)F)c3)cn1)C2,1
O=[N+]([O-])c1cn2c(n1)OC[C@@H](OCc1ccc(-c3ccc(F)cc3)nc1)C2,1
O=[N+]([O-])c1cn2c(n1)OC[C@@H](OCc1ccc(-c3ccc(C(F)(F)F)cc3)nn1)C2,1
O=[N+]([O-])c1cn2c(n1)OC[C@@H](OCc1ncc(-c3ccc(C(F)(F)F)cc3)cn1)C2,1
O=[N+]([O-])c1cn2c(n1)OC[C@@H](OCc1ccc(-c3ccc(C(F)(F)F)cn3)cc1)C2,1
O=C(Nc1ccc(-c2ccc(OC(F)(F)F)cc2)cc1)N[C@@H]1COc2nc([N+](=O)[O-])cn2C1,1
O=C(Nc1cccc(-c2ccc(OC(F)(F)F)cc2)c1)O[C@@H]1COc2nc([N+](=O)[O-])cn2C1,1
O=C(O[C@@H]1COc2nc([N+](=O)[O-])cn2C1)N1CC[C@H](Oc2ccc(OC(F)(F)F)cc2)C1,1
COc1ccc(-c2ccc(CO[C@@H]3COc4nc([N+](=O)[O-])cn4C3)s2)cc1F,1
Cn1nc(-c2ccc(OC(F)(F)F)cc2)cc1CO[C@@H]1COc2nc([N+](=O)[O-])cn2C1,1
Cn1nc(-c2ccc(C(F)(F)F)cc2)cc1CO[C@@H]1COc2nc([N+](=O)[O-])cn2C1,1
O=[N+]([O-])c1cn2c(n1)OC[C@@H](OCc1ccc(-c3ccc(CNc4ccccc4)cc3)cc1)C2,1
O=[N+]([O-])c1cn2c(n1)OC[C@@H](OCc1cccc(-c3ccc(OC(F)F)cc3)c1)C2,1
O=[N+]([O-])c1cn2c(n1)OC[C@@H](OCc1ccc(-c3ccc(C(F)(F)F)c(Cl)c3)cc1)C2,1
O=[N+]([O-])c1cn2c(n1)OC[C@@H](OCc1ccc(-c3cccc(Cl)c3)cc1)C2,1
O=[N+]([O-])c1cn2c(n1)OC[C@@H](OCc1ccc(-c3ccccc3Oc3ccccc3)cc1)C2,1
Cc1ccc(NC(=O)NCC23CC4CC(CC(C4)C2)C3)cc1Cl,1
Cc1ccc(Nc2cc3nc4ccccc4n(-c4ccc(C(F)(F)F)cc4)c-3c/c2=N\C2CCOCC2)cn1,1
Cc1ccc(Nc2cc3nc4ccccc4n(-c4ccc(Cl)cc4)c-3c/c2=N\C2CCOCC2)cn1,1
CC1C(NC(=O)Nc2ccc(F)c(F)c2F)CC2CC1C2(C)C,1
CC(C)/N=c1\cc2n(-c3ccc(OC(F)(F)F)cc3)c3ccccc3nc-2cc1Nc1cccnc1,1
Cc1ccc(Nc2cc3nc4ccccc4n(-c4ccc(C(F)(F)F)cc4)c-3c/c2=N\C(C)C)cn1,1
COc1ccc(/C=N/N(C(=O)c2ccc(N)cc2)C(=O)c2cccnc2)cc1OC,1
Clc1ccc(-n2c3c/c(=N\C4CCOCC4)c(Nc4cccnc4)cc-3nc3ccccc32)cc1,1
O=[N+]([O-])c1cn2c(n1)OC[C@@H](OC/C=C/c1ccc(-c3ccc(OC(F)(F)F)cc3)cc1)C2,1
CC(C)/N=c1\cc2n(-c3ccc(C(F)(F)F)cc3)c3ccccc3nc-2cc1Nc1cccnc1,1
COc1ccc(/C=N/N(C(=O)c2ccc(Cl)cc2)C(=O)c2cccnc2)cc1,1
COc1ncccc1Nc1cc2nc3ccccc3n(-c3ccc(Cl)cc3)c-2c/c1=N\C(C)C,1
Clc1ccc(-n2c3c/c(=N\C4CCOCC4)c(Nc4cncc(Br)c4)cc-3nc3ccccc32)cc1,1
Nc1ccc(C(=O)N(/N=C/c2cccc([N+](=O)[O-])c2)C(=O)c2cccnc2)cc1,1
CN(c1nc(=O)c2cc(C(F)(F)F)cc([N+](=O)[O-])c2s1)[C@H]1CCN(Cc2ccccc2)C1,1
O=[N+]([O-])c1cn2c(n1)OC[C@@H](OCc1ccc(-c3ccc(OC(F)(F)F)cc3)cn1)C2,1
COc1ccc(-c2ccc(CO[C@@H]3COc4nc([N+](=O)[O-])cn4C3)cc2)cc1,1
COc1ccccc1-c1ccc(CO[C@@H]2COc3nc([N+](=O)[O-])cn3C2)cc1,1
Cc1c(N2CC3=CCCN[C@H]3C2)c(F)cn2c(=O)c(C(=O)O)cc(C3CC3)c12,1
COc1ncccc1Nc1cc2nc3ccccc3n(-c3ccc(F)cc3)c-2c/c1=N\C(C)C,1
COc1ccc(/C=N/N(C(=O)c2ccc(N)cc2)C(=O)c2cccnc2)cc1,1
COc1ccc(/C=N/N(C(=O)c2ccc(C)cc2)C(=O)c2cccnc2)cc1,1
O=[N+]([O-])c1cn2c(n1)OC[C@@H](OCc1ccc(-c3cccc(C(F)(F)F)c3)cc1)C2,1
CC(C)/N=c1\cc2n(-c3ccc(Cl)cc3)c3ccccc3nc-2cc1Nc1cccnc1,1
O=c1nc(NCc2ccc3c(c2)OCCO3)sc2c([N+](=O)[O-])cc(C(F)(F)F)cc12,1
CN(C)c1ccc(CN(C)c2nc(=O)c3cc(C(F)(F)F)cc([N+](=O)[O-])c3s2)cc1,1
COc1c(N2CC[C@@H](C(C)(C)N)C2)c(F)cc2c(=O)c3c(=O)[nH]sc3n(C3CC3)c12,1
COc1ccc(Cn2ccc3c(-c4ccco4)nc(OC)nc32)cc1,1
O=[N+]([O-])c1cn2c(n1)OC[C@@H](OCCCc1ccc(-c3ccc(C(F)(F)F)nc3)cc1)C2,1
O=[N+]([O-])c1cn2c(n1)OC[C@@H](OCC#Cc1ccc(-c3ccc(C(F)(F)F)cc3)nc1)C2,1
O=[N+]([O-])c1cn2c(n1)OC[C@@H](OCCCC#Cc1ccc(-c3ccc(F)cc3)cc1)C2,1
C[C@H](c1ccccc1)N1CC2=C(OC(N)=C(c3nc(-c4ccc(Cl)cc4)no3)C2c2ccc(Cl)cc2Cl)/C(=C/c2ccc(Cl)cc2Cl)C1,1
CSc1cccc(-c2cccc(CO[C@@H]3COc4nc([N+](=O)[O-])cn4C3)c2)c1,1
CCc1ccc(C(=O)NCC2=C[C@@H]3Oc4ccccc4C(=O)C3=CN2c2ncccc2C)cc1,1
CC(C)/N=c1\cc2n(-c3ccc(F)cc3)c3ccccc3nc-2cc1Nc1cccnc1,1
COc1c(N2CC3(CC3)[C@](C)(N)C2)c(F)cc2c(=O)c(C(=O)O)cn([C@@H]3C[C@@H]3F)c12,1
NNC(=O)c1ccncc1,1
NNC(=O)c1ccncc1,1
Cc1ncccc1Nc1cc2nc3ccccc3n(-c3ccc(F)cc3)c-2c/c1=N\C(C)C,1
COc1c(N2CCN(CN3C(=O)C(=O)c4cc(F)ccc43)CC2)c(F)cc2c(=O)c(C(=O)O)cn(C3CC3)c12,1
Nc1ccc(C(=O)N(/N=C/c2ccco2)C(=O)c2cccnc2)cc1,1
COc1c(N2C[C@@H]3CCCN[C@@H]3C2)c(F)cc2c(=O)c(C(=O)O)cn(C3CC3)c12,1
O=[N+]([O-])c1cn2c(n1)OC[C@@H](OCc1ccc(-c3ccc(OC(F)(F)F)cc3)nn1)C2,1
O=[N+]([O-])c1cn2c(n1)OC[C@@H](OCc1ccnc(-c3ccc(C(F)(F)F)cc3)c1)C2,1
O=[N+]([O-])c1cn2c(n1)OC[C@@H](OCc1cn(-c3ccc(OC(F)(F)F)cc3)nn1)C2,1
CSc1ccc(-c2ccc(CO[C@@H]3COc4nc([N+](=O)[O-])cn4C3)cc2)cc1,1
CC(C)(C)OCc1ccc(-c2ccc(CO[C@@H]3COc4nc([N+](=O)[O-])cn4C3)cc2)cc1,1
O=[N+]([O-])c1cn2c(n1)OC[C@@H](OCc1ccc(-c3cccc(OC(F)(F)F)c3)cc1)C2,1
O=[N+]([O-])c1cn2c(n1)OC[C@@H](OCc1ccc(-c3ccccc3C(F)(F)F)cc1)C2,1
CSc1cccc(-c2ccc(CO[C@@H]3COc4nc([N+](=O)[O-])cn4C3)cc2)c1,1
O=[N+]([O-])c1cn2c(n1)OC[C@@H](OCc1cccc(-c3ccc(F)cc3)c1)C2,1
O=[N+]([O-])c1cn2c(n1)OC[C@@H](NCCCCCc1ccc(OC(F)(F)F)cc1)C2,1
O=[N+]([O-])c1cn2c(n1)OC[C@@H](NCCCc1ccc(OC(F)(F)F)cc1)C2,1
COc1ncccc1Nc1cc2nc3ccccc3n(-c3ccc(F)cc3)c-2c/c1=N\C1CCOCC1,1
O=[N+]([O-])c1cn2c(n1)OC[C@@H](OCc1cnc(-c3ccc(C(F)(F)F)cc3)cn1)C2,1
N#Cc1ccc(-c2ccc(CO[C@@H]3COc4nc([N+](=O)[O-])cn4C3)cc2)nc1,1
O=[N+]([O-])c1cn2c(n1)OC[C@@H](OCc1ccc(-c3ccc(OC(F)F)cn3)cc1)C2,1
O=[N+]([O-])c1cn2c(n1)OC[C@@H](OC/C=C/c1ccc(-c3ccc(OC(F)F)cc3)cc1)C2,1
O=[N+]([O-])c1cn2c(n1)OC[C@@H](OCC#Cc1ccc(-c3ccc(OC(F)F)cc3)nc1)C2,1
O=C(N[C@@H]1COc2nc([N+](=O)[O-])cn2C1)OCc1ccc(-c2ccc(C(F)(F)F)cc2)cc1,1
CCN(CC)C(=O)C1CCCN(c2cc3c(cc2F)c(=O)c(C(=O)O)c2sc4ccccc4n23)C1,1
O=C(O)c1cn(C2CC2)c2cc(N3CCN(Cc4ccc5c(c4)OCO5)CC3)c([N+](=O)[O-])cc2c1=O,1
O=Cc1ccccc1-c1ccc(CO[C@@H]2COc3nc([N+](=O)[O-])cn3C2)cc1,1
Cc1ccc(Nc2cc3nc4ccccc4n(-c4ccc(Br)cc4)c-3c/c2=N\C2CCOCC2)cn1,1
CCCC[C@H](CN(O)C=O)C(=O)N1CCC[C@H]1c1nc2ccccc2[nH]1,1
CCCC[C@H](CN(O)C=O)C(=O)N1CCC[C@H]1c1nc2ccccc2[nH]1,1
CC(=O)NC[C@H]1CN(c2ccc(N3CCSCC3)c(F)c2)C(=O)O1,1
O=[N+]([O-])c1cn2c(n1)OC[C@@H](OCc1cnc(-c3ccc(F)cc3)cn1)C2,1
O=[N+]([O-])c1cn2c(n1)OC[C@@H](OCCOc1ccc(OCc3ccccc3)cc1)C2,1
O=[N+]([O-])c1cn2c(n1)OC[C@@H](OCCCC#Cc1ccc(-c3ccc(C(F)(F)F)cc3)cc1)C2,1
O=C(N[C@@H]1COc2nc([N+](=O)[O-])cn2C1)OCc1ccc(-c2ccc(F)cc2)cc1,1
CSc1ccccc1-c1ccc(CO[C@@H]2COc3nc([N+](=O)[O-])cn3C2)cc1,1
COC1CCC(/N=c2\cc3n(-c4ccc(Cl)cc4)c4ccccc4nc-3cc2Nc2cncc(Br)c2)CC1,1
O=C(O)c1cn(C2CC2)c2cc(N3CCN(C(=O)CC[N+](=O)[O-])CC3)c(F)cc2c1=O,1
COc1ccc(-c2ccc(CO[C@@H]3COc4nc([N+](=O)[O-])cn4C3)cn2)cc1F,1
COc1ccc(Cn2ccc3c(-c4ccco4)nc(Cl)cc32)cc1,1
O=[N+]([O-])c1cn2c(n1)OC[C@@H](OCC#Cc1ccc(OCc3ccccc3)cc1)C2,1
O=[N+]([O-])c1cn2c(n1)OC[C@@H](OC/C=C/c1ccc(-c3ccc(F)cc3)cc1)C2,1
O=[N+]([O-])c1cn2c(n1)OC[C@@H](OCC#Cc1cccc(-c3ccc(OC(F)F)cc3)c1)C2,1
O=[N+]([O-])c1cn2c(n1)OC[C@@H](OCC#Cc1ccc(-c3ccc(OC(F)(F)F)cc3)nc1)C2,1
O=[N+]([O-])c1cn2c(n1)OC[C@@H](Oc1ccc(-c3ccc(OC(F)(F)F)cc3)cc1)C2,1
CCCCCCCCCCCCCCCc1nnc(-c2ccncc2)o1,1
O=[N+]([O-])c1cn2c(n1)OC[C@@H](OCc1ccc(-c3ccc(-c4ccccc4)cc3)cc1)C2,1
O=[N+]([O-])c1cn2c(n1)OC[C@@H](OCc1ccc(-c3ccc(F)nc3)cc1)C2,1
O=[N+]([O-])c1cn2c(n1)OC[C@@H](OCc1cccc(-c3ccccc3)c1)C2,1
CSc1ccc(-c2cccc(CO[C@@H]3COc4nc([N+](=O)[O-])cn4C3)c2)cc1,1
CC(C)(C)c1ccc(-c2ccc(CO[C@@H]3COc4nc([N+](=O)[O-])cn4C3)cc2)cc1,1
COc1ncccc1Nc1cc2nc3ccccc3n(-c3ccc(Br)cc3)c-2c/c1=N\C(C)C,1
O=[N+]([O-])c1cn2c(n1)OC[C@@H](OCc1ccc(-c3ccc(OCCCN4CCOCC4)cc3)cc1)C2,1
Cc1ccc(Nc2cc3nc4ccccc4n(-c4ccc(Br)cc4)c-3c/c2=N\C(C)C)cn1,1
COc1cc2c(cc1OC)C(=O)C(C(=O)c1ccc(F)cc1)C2,1
COc1ccc(Cn2ccc3c(-c4ccco4)ncnc32)cc1,1
O=[N+]([O-])c1cn2c(n1)OC[C@@H](Oc1ccc(-c3ccc(C(F)(F)F)cc3)cn1)C2,1
O=C(O)c1cn(-c2ccc(F)cc2)c2nc(N3CCOC3)c([N+](=O)[O-])cc2c1=O,1
CC1(C)COCN1c1nc2c(cc1[N+](=O)[O-])c(=O)c(C(=O)O)cn2C(C)(C)C,1
CCOC(=O)c1cc(COc2cc(C(F)(F)F)nc3c(C(F)(F)F)cccc23)on1,1
CC(C)c1ccc(-c2ccc(CO[C@@H]3COc4nc([N+](=O)[O-])cn4C3)cc2)cc1,1
CN(C)[C@@H]1CCN(c2cc(Nc3cc(C(F)(F)F)ccn3)nc(-c3cccc(C#N)c3)n2)C1,0
CN(C)[C@@H]1CCN(c2cc(Nc3cc(C4CC4)[nH]n3)nc(-c3ccccc3)n2)C1,0
Cc1cc(Nc2ccc3nc(-c4ccc(F)cc4)cc(N)c3c2)nc(N)n1,0
Cn1c2ccccc2c2nnc(SCCCn3c(=O)[nH]c4ccccc43)nc21,0
CCN(CC)C(=S)SSC(=S)N(CC)CC,0
Oc1cc(Cc2ccccc2)ccc1Oc1ccc(Cl)cc1Cl,0
CCCCc1ccc(Oc2ccc(Cl)cc2Cl)c(O)c1,0
CN1CCC(CNc2cc(Nc3cc(C4CC4)[nH]n3)nc(-c3cccc(C#N)c3)n2)CC1,0
CN1CCC(CNc2cc(Nc3cc(C4CC4)[nH]n3)nc(-c3ccccc3)n2)CC1,0
c1ccc(-c2nc(Nc3cc(C4CC4)[nH]n3)cc(OCCN3CCCC3)n2)cc1,0
CN1CCC(Nc2cc(Nc3cc(C4CC4)[nH]n3)nc(-c3ccccc3)n2)CC1,0
CS(=O)(=O)Nc1cccc(-c2nccc(Nc3cc(C4CC4)[nH]n3)n2)c1,0
C=CCn1c2ccccc2c2nnc(SCCCn3c(=O)[nH]c4ccccc43)nc21,0
CO[C@@H](C(=O)NCCOc1c(C)cc(C)cc1C)[C@H](O)[C@@H](O)[C@H](O)/C=C/C(C)(C)C,0
CCn1c2ccccc2c2nnc(SCCCn3c(=O)[nH]c4ccccc43)nc21,0
Oc1cc(CCCc2ccccc2)ccc1Oc1ccc(Cl)cc1Cl,0
Oc1cc(CCc2ccccc2)ccc1Oc1ccc(Cl)cc1Cl,0
CC(C)Cc1ccc(Oc2ccc(Cl)cc2Cl)c(O)c1,0
CN(Cc1c2ccccc2cc2ccccc12)C(=O)C1CC(=O)N(C2CCCCCCC2)C1,0
O=C(Nc1cc(Br)cc(C(F)(F)F)c1)C1CC(=O)N(C2CCCCC2)C1,0
CN(C)CCNc1cc(Nc2cc(C3CC3)[nH]n2)nc(-c2cccc(C#N)c2)n1,0
CN1CCC(CNc2cc(Nc3cc(C4CC4)[nH]n3)nc(-c3cccc(S(C)(=O)=O)c3)n2)CC1,0
CN(C)[C@@H]1CCN(c2cc(Nc3cc(C4CC4)[nH]n3)nc(-c3cccc(C#N)c3)n2)C1,0
Fc1cccc(CCNc2nccc(Nc3cc(C4CC4)[nH]n3)n2)c1,0
c1cc(Nc2cc(C3CC3)[nH]n2)nc(NC2CCCCC2)n1,0
CS(=O)(=O)c1cccc(-c2nccc(Nc3cc(C4CC4)[nH]n3)n2)c1,0
c1cc(Nc2cc(C3CC3)[nH]n2)nc(NC2CCCC2)n1,0
CN1CCN(c2cc(Nc3cc(C4CC4)[nH]n3)nc(-c3ccccc3)n2)CC1,0
CS(=O)(=O)NCc1ccc(-c2nccc(Nc3cc(C4CC4)[nH]n3)n2)cc1,0
CC(C)CCNc1nccc(Nc2cc(C3CC3)[nH]n2)n1,0
NC(=O)c1cccc(-c2nccc(Nc3cc(C4CC4)[nH]n3)n2)c1,0
O=C1C(Br)=C(Br)C(=O)c2ccccc21,0
COc1ccc2cc(-c3nc(C(C)(C)C)[nH]c3-c3ccncc3)ccc2c1,0
CC(C)(C)c1nc(-c2cnc3ccccc3c2)c(-c2ccncc2)[nH]1,0
Clc1ccccc1CCNc1nccc(Nc2cc(C3CC3)[nH]n2)n1,0
N#Cc1cccc(-c2nccc(Nc3cc(C4CC4)[nH]n3)n2)c1,0
CN(C)CCNc1cc(Nc2cc(C3CC3)[nH]n2)nc(-c2ccccc2)n1,0
O=C(c1ccccc1)N1CCN(C2c3ccccc3-c3ccccc32)CC1,0
O=C(c1ccc2[nH]ccc2c1)N1CCN(C2c3ccccc3-c3ccccc32)CC1,0
c1cncc(-c2nccc(Nc3cc(C4CC4)[nH]n3)n2)c1,0
CN(Cc1c2ccccc2cc2ccccc12)C(=O)C1CC(=O)N(C2CCCCCC2)C1,0
CN(C(=O)C1CC(=O)N(C2CCCCCC2)C1)c1cc(-c2ccccc2)c(O)c(-c2ccccc2)c1,0
Cc1ccc(C(=O)N2CCN(C3c4ccccc4-c4ccccc43)CC2)cc1,0
CN(Cc1c2ccccc2cc2ccccc12)C(=O)C1CC(=O)N(C2CC3CCC2C3)C1,0
c1ccc(CNc2nccc(Nc3cc(C4CC4)[nH]n3)n2)cc1,0
CN(Cc1c2ccccc2cc2ccccc12)C(=O)C1CC(=O)N(C2CCCCC2)C1,0
Cc1ccc(C(=O)N2CCN(c3cccc(Cl)c3)CC2)cc1C,0
c1cc(Nc2cc(C3CC3)[nH]n2)nc(NCC2CC2)n1,0
O/N=C\Nc1nc2c(s1)COc1cc3c(cc1-2)OCO3,0
CCCCCCCCCCCCCCc1ccc(Oc2ccccc2)c(O)c1,0
Fc1ccc(-c2nccc(Nc3cc(C4CC4)[nH]n3)n2)cc1,0
O=c1cc2oc3cc(O)c(O)cc3c(-c3ccccc3)c-2cc1O,0
O/N=C\Nc1nc2c(s1)CCOc1cc3c(cc1-2)OCO3,0
COc1ccc2c(c1)-c1nc(N/C=N\O)sc1CC2,0
O=CN(O)CCCP(=O)(O)O,0
